[
  {
    "artifactId": "appcompat",
    "excludes": [],
    "groupId": "androidx.appcompat",
    "scope": "compile",
    "versionName": "1.4.1"
  },
  {
    "artifactId": "material",
    "excludes": [],
    "groupId": "com.google.android.material",
    "scope": "compile",
    "versionName": "1.5.0"
  },
  {
    "artifactId": "constraintlayout",
    "excludes": [],
    "groupId": "androidx.constraintlayout",
    "scope": "compile",
    "versionName": "2.1.3"
  },
  {
    "artifactId": "joml",
    "excludes": [],
    "groupId": "org.joml",
    "scope": "compile",
    "versionName": "1.10.5"
  }
]